Seoul (ICN),Dubai (DXB),371,87,1
Seoul (ICN),Dubai (DXB),418,102,2
Seoul (ICN),Dubai (DXB),374,90,3
Seoul (ICN),Dubai (DXB),470,112,4
Seoul (ICN),Dubai (DXB),365,94,5
Seoul (ICN),Dubai (DXB),379,99,6
Seoul (ICN),Dubai (DXB),424,83,7
Seoul (ICN),Dubai (DXB),373,100,8
Seoul (ICN),Dubai (DXB),415,94,9
Seoul (ICN),Dubai (DXB),391,102,10
Seoul (ICN),Dubai (DXB),447,116,11
Seoul (ICN),Dubai (DXB),374,105,12
Seoul (ICN),Dubai (DXB),367,93,13
Seoul (ICN),Dubai (DXB),396,83,14
Seoul (ICN),Dubai (DXB),348,97,15
Seoul (ICN),Dubai (DXB),438,99,16
Seoul (ICN),Dubai (DXB),397,97,17
Seoul (ICN),Dubai (DXB),414,127,18
Seoul (ICN),Dubai (DXB),409,108,19
Seoul (ICN),Dubai (DXB),389,107,20
Seoul (ICN),Dubai (DXB),371,86,21
Seoul (ICN),Dubai (DXB),393,106,22
Seoul (ICN),Dubai (DXB),425,102,23
Seoul (ICN),Dubai (DXB),385,113,24
Seoul (ICN),Dubai (DXB),387,119,25
Seoul (ICN),Dubai (DXB),392,118,26
Seoul (ICN),Dubai (DXB),383,103,27
Seoul (ICN),Dubai (DXB),407,94,28
Seoul (ICN),Dubai (DXB),411,115,29
Seoul (ICN),Dubai (DXB),431,125,30
Seoul (ICN),Dubai (DXB),363,103,31
