London (LHR),Dubai (DXB),453,227,1
London (LHR),Dubai (DXB),522,226,2
London (LHR),Dubai (DXB),560,251,3
London (LHR),Dubai (DXB),525,192,4
London (LHR),Dubai (DXB),566,251,5
London (LHR),Dubai (DXB),575,263,6
London (LHR),Dubai (DXB),561,243,7
London (LHR),Dubai (DXB),596,250,8
London (LHR),Dubai (DXB),526,224,9
London (LHR),Dubai (DXB),483,141,10
London (LHR),Dubai (DXB),525,248,11
London (LHR),Dubai (DXB),584,245,12
London (LHR),Dubai (DXB),568,259,13
London (LHR),Dubai (DXB),552,249,14
London (LHR),Dubai (DXB),598,262,15
London (LHR),Dubai (DXB),492,194,16
London (LHR),Dubai (DXB),528,236,17
London (LHR),Dubai (DXB),493,229,18
London (LHR),Dubai (DXB),552,220,19
London (LHR),Dubai (DXB),513,227,20
London (LHR),Dubai (DXB),534,245,21
London (LHR),Dubai (DXB),548,237,22
London (LHR),Dubai (DXB),541,238,23
London (LHR),Dubai (DXB),552,247,24
London (LHR),Dubai (DXB),524,249,25
London (LHR),Dubai (DXB),513,216,26
London (LHR),Dubai (DXB),612,264,27
London (LHR),Dubai (DXB),563,263,28
London (LHR),Dubai (DXB),586,263,29
London (LHR),Dubai (DXB),564,230,30
London (LHR),Dubai (DXB),576,273,31
