Germany (FRA),Dubai (DXB),415,178,1
Germany (FRA),Dubai (DXB),444,197,2
Germany (FRA),Dubai (DXB),390,165,3
Germany (FRA),Dubai (DXB),406,193,4
Germany (FRA),Dubai (DXB),424,182,5
Germany (FRA),Dubai (DXB),401,170,6
Germany (FRA),Dubai (DXB),421,178,7
Germany (FRA),Dubai (DXB),403,177,8
Germany (FRA),Dubai (DXB),438,182,9
Germany (FRA),Dubai (DXB),413,169,10
Germany (FRA),Dubai (DXB),414,176,11
Germany (FRA),Dubai (DXB),415,173,12
Germany (FRA),Dubai (DXB),396,174,13
Germany (FRA),Dubai (DXB),422,180,14
Germany (FRA),Dubai (DXB),415,162,15
Germany (FRA),Dubai (DXB),434,194,16
Germany (FRA),Dubai (DXB),417,164,17
Germany (FRA),Dubai (DXB),414,175,18
Germany (FRA),Dubai (DXB),421,165,19
Germany (FRA),Dubai (DXB),392,183,20
Germany (FRA),Dubai (DXB),412,176,21
Germany (FRA),Dubai (DXB),371,176,22
Germany (FRA),Dubai (DXB),386,196,23
Germany (FRA),Dubai (DXB),377,153,24
Germany (FRA),Dubai (DXB),418,201,25
Germany (FRA),Dubai (DXB),440,175,26
Germany (FRA),Dubai (DXB),406,184,27
Germany (FRA),Dubai (DXB),418,187,28
Germany (FRA),Dubai (DXB),406,171,29
Germany (FRA),Dubai (DXB),452,190,30
Germany (FRA),Dubai (DXB),414,165,31
