Singapore (SIN),Dubai (DXB),401,194,1
Singapore (SIN),Dubai (DXB),409,188,2
Singapore (SIN),Dubai (DXB),407,192,3
Singapore (SIN),Dubai (DXB),426,204,4
Singapore (SIN),Dubai (DXB),413,191,5
Singapore (SIN),Dubai (DXB),424,188,6
Singapore (SIN),Dubai (DXB),415,192,7
Singapore (SIN),Dubai (DXB),419,196,8
Singapore (SIN),Dubai (DXB),394,188,9
Singapore (SIN),Dubai (DXB),398,189,10
Singapore (SIN),Dubai (DXB),415,188,11
Singapore (SIN),Dubai (DXB),428,194,12
Singapore (SIN),Dubai (DXB),423,194,13
Singapore (SIN),Dubai (DXB),415,197,14
Singapore (SIN),Dubai (DXB),417,202,15
Singapore (SIN),Dubai (DXB),464,228,16
Singapore (SIN),Dubai (DXB),428,177,17
Singapore (SIN),Dubai (DXB),458,231,18
Singapore (SIN),Dubai (DXB),430,198,19
Singapore (SIN),Dubai (DXB),436,197,20
Singapore (SIN),Dubai (DXB),423,203,21
Singapore (SIN),Dubai (DXB),417,189,22
Singapore (SIN),Dubai (DXB),417,207,23
Singapore (SIN),Dubai (DXB),420,196,24
Singapore (SIN),Dubai (DXB),398,181,25
Singapore (SIN),Dubai (DXB),419,188,26
Singapore (SIN),Dubai (DXB),405,201,27
Singapore (SIN),Dubai (DXB),423,208,28
Singapore (SIN),Dubai (DXB),383,201,29
Singapore (SIN),Dubai (DXB),436,195,30
Singapore (SIN),Dubai (DXB),427,203,31
