Paris (CDG),Dubai (DXB),426,207,1
Paris (CDG),Dubai (DXB),401,199,2
Paris (CDG),Dubai (DXB),385,186,3
Paris (CDG),Dubai (DXB),405,202,4
Paris (CDG),Dubai (DXB),401,189,5
Paris (CDG),Dubai (DXB),388,188,6
Paris (CDG),Dubai (DXB),403,191,7
Paris (CDG),Dubai (DXB),427,214,8
Paris (CDG),Dubai (DXB),423,206,9
Paris (CDG),Dubai (DXB),379,190,10
Paris (CDG),Dubai (DXB),386,203,11
Paris (CDG),Dubai (DXB),410,193,12
Paris (CDG),Dubai (DXB),399,194,13
Paris (CDG),Dubai (DXB),403,191,14
Paris (CDG),Dubai (DXB),412,204,15
Paris (CDG),Dubai (DXB),417,199,16
Paris (CDG),Dubai (DXB),408,196,17
Paris (CDG),Dubai (DXB),411,204,18
Paris (CDG),Dubai (DXB),410,197,19
Paris (CDG),Dubai (DXB),400,198,20
Paris (CDG),Dubai (DXB),401,190,21
Paris (CDG),Dubai (DXB),439,222,22
Paris (CDG),Dubai (DXB),398,196,23
Paris (CDG),Dubai (DXB),387,192,24
Paris (CDG),Dubai (DXB),430,204,25
Paris (CDG),Dubai (DXB),421,194,26
Paris (CDG),Dubai (DXB),441,216,27
Paris (CDG),Dubai (DXB),422,182,28
Paris (CDG),Dubai (DXB),439,190,29
Paris (CDG),Dubai (DXB),432,188,30
Paris (CDG),Dubai (DXB),449,212,31
