USA (ATL),Dubai (DXB),428,253,1
USA (ATL),Dubai (DXB),439,254,2
USA (ATL),Dubai (DXB),438,247,3
USA (ATL),Dubai (DXB),398,243,4
USA (ATL),Dubai (DXB),438,267,5
USA (ATL),Dubai (DXB),412,262,6
USA (ATL),Dubai (DXB),415,254,7
USA (ATL),Dubai (DXB),450,277,8
USA (ATL),Dubai (DXB),444,272,9
USA (ATL),Dubai (DXB),441,270,10
USA (ATL),Dubai (DXB),447,300,11
USA (ATL),Dubai (DXB),469,299,12
USA (ATL),Dubai (DXB),476,301,13
USA (ATL),Dubai (DXB),458,282,14
USA (ATL),Dubai (DXB),483,318,15
USA (ATL),Dubai (DXB),475,295,16
USA (ATL),Dubai (DXB),455,283,17
USA (ATL),Dubai (DXB),447,309,18
USA (ATL),Dubai (DXB),457,289,19
USA (ATL),Dubai (DXB),457,297,20
USA (ATL),Dubai (DXB),451,276,21
USA (ATL),Dubai (DXB),471,312,22
USA (ATL),Dubai (DXB),450,296,23
USA (ATL),Dubai (DXB),450,207,24
USA (ATL),Dubai (DXB),395,220,25
USA (ATL),Dubai (DXB),420,219,26
USA (ATL),Dubai (DXB),420,224,27
USA (ATL),Dubai (DXB),411,218,28
USA (ATL),Dubai (DXB),432,222,29
USA (ATL),Dubai (DXB),438,243,30
USA (ATL),Dubai (DXB),396,214,31
