Amsterdam (AMS),Dubai (DXB),315,176,1
Amsterdam (AMS),Dubai (DXB),295,172,2
Amsterdam (AMS),Dubai (DXB),288,165,3
Amsterdam (AMS),Dubai (DXB),297,174,4
Amsterdam (AMS),Dubai (DXB),301,163,5
Amsterdam (AMS),Dubai (DXB),292,166,6
Amsterdam (AMS),Dubai (DXB),289,159,7
Amsterdam (AMS),Dubai (DXB),316,175,8
Amsterdam (AMS),Dubai (DXB),299,179,9
Amsterdam (AMS),Dubai (DXB),295,164,10
Amsterdam (AMS),Dubai (DXB),296,176,11
Amsterdam (AMS),Dubai (DXB),298,168,12
Amsterdam (AMS),Dubai (DXB),312,182,13
Amsterdam (AMS),Dubai (DXB),281,157,14
Amsterdam (AMS),Dubai (DXB),320,176,15
Amsterdam (AMS),Dubai (DXB),290,164,16
Amsterdam (AMS),Dubai (DXB),286,162,17
Amsterdam (AMS),Dubai (DXB),298,175,18
Amsterdam (AMS),Dubai (DXB),295,163,19
Amsterdam (AMS),Dubai (DXB),302,173,20
Amsterdam (AMS),Dubai (DXB),280,155,21
Amsterdam (AMS),Dubai (DXB),308,170,22
Amsterdam (AMS),Dubai (DXB),290,179,23
Amsterdam (AMS),Dubai (DXB),282,169,24
Amsterdam (AMS),Dubai (DXB),274,161,25
Amsterdam (AMS),Dubai (DXB),294,166,26
Amsterdam (AMS),Dubai (DXB),313,164,27
Amsterdam (AMS),Dubai (DXB),279,172,28
Amsterdam (AMS),Dubai (DXB),302,163,29
Amsterdam (AMS),Dubai (DXB),322,187,30
Amsterdam (AMS),Dubai (DXB),313,171,31
