Thailand (BKK),Dubai (DXB),453,237,1
Thailand(BKK),Dubai (DXB),454,210,2
Thailand(BKK),Dubai (DXB),400,226,3
Thailand(BKK),Dubai (DXB),471,214,4
Thailand(BKK),Dubai (DXB),415,230,5
Thailand(BKK),Dubai (DXB),378,199,6
Thailand(BKK),Dubai (DXB),432,218,7
Thailand(BKK),Dubai (DXB),419,224,8
Thailand(BKK),Dubai (DXB),471,215,9
Thailand(BKK),Dubai (DXB),444,219,10
Thailand(BKK),Dubai (DXB),483,223,11
Thailand(BKK),Dubai (DXB),458,229,12
Thailand(BKK),Dubai (DXB),400,211,13
Thailand(BKK),Dubai (DXB),454,229,14
Thailand(BKK),Dubai (DXB),483,269,15
Thailand(BKK),Dubai (DXB),534,254,16
Thailand(BKK),Dubai (DXB),417,232,17
Thailand(BKK),Dubai (DXB),497,241,18
Thailand(BKK),Dubai (DXB),411,218,19
Thailand(BKK),Dubai (DXB),446,220,20
Thailand(BKK),Dubai (DXB),433,230,21
Thailand(BKK),Dubai (DXB),440,226,22
Thailand(BKK),Dubai (DXB),465,238,23
Thailand(BKK),Dubai (DXB),453,254,24
Thailand(BKK),Dubai (DXB),483,231,25
Thailand(BKK),Dubai (DXB),434,208,26
Thailand(BKK),Dubai (DXB),391,188,27
Thailand(BKK),Dubai (DXB),403,216,28
Thailand(BKK),Dubai (DXB),406,217,29
Thailand(BKK),Dubai (DXB),454,209,30
Thailand(BKK),Dubai (DXB),375,171,31
