Taiwan (TPE),Dubai (DXB),227,76,1
Taiwan (TPE),Dubai (DXB),253,90,2
Taiwan (TPE),Dubai (DXB),209,83,3
Taiwan (TPE),Dubai (DXB),236,96,4
Taiwan (TPE),Dubai (DXB),270,95,5
Taiwan (TPE),Dubai (DXB),283,99,6
Taiwan (TPE),Dubai (DXB),275,94,7
Taiwan (TPE),Dubai (DXB),259,97,8
Taiwan (TPE),Dubai (DXB),275,91,9
Taiwan (TPE),Dubai (DXB),237,90,10
Taiwan (TPE),Dubai (DXB),243,99,11
Taiwan (TPE),Dubai (DXB),280,95,12
Taiwan (TPE),Dubai (DXB),280,95,13
Taiwan (TPE),Dubai (DXB),265,90,14
Taiwan (TPE),Dubai (DXB),253,86,15
Taiwan (TPE),Dubai (DXB),272,102,16
Taiwan (TPE),Dubai (DXB),231,85,17
Taiwan (TPE),Dubai (DXB),261,101,18
Taiwan (TPE),Dubai (DXB),274,98,19
Taiwan (TPE),Dubai (DXB),279,88,20
Taiwan (TPE),Dubai (DXB),257,92,21
Taiwan (TPE),Dubai (DXB),262,93,22
Taiwan (TPE),Dubai (DXB),253,91,23
Taiwan (TPE),Dubai (DXB),243,89,24
Taiwan (TPE),Dubai (DXB),236,78,25
Taiwan (TPE),Dubai (DXB),236,82,26
Taiwan (TPE),Dubai (DXB),262,80,27
Taiwan (TPE),Dubai (DXB),237,74,28
Taiwan (TPE),Dubai (DXB),247,83,29
Taiwan (TPE),Dubai (DXB),253,90,30
Taiwan (TPE),Dubai (DXB),249,87,31
